{
	"class_name" : "PinholeCameraParameters",
	"extrinsic" : 
	[
		0.73997453525917867,
		-0.66611739529938008,
		0.093409329552952863,
		0.0,
		-0.6192220819537122,
		-0.72884650406657858,
		-0.29214172370758196,
		0.0,
		0.26268174734623828,
		0.15833631671065346,
		-0.95180245346480941,
		0.0,
		-13.215413792575013,
		80.695206488800366,
		183.49298874624805,
		1.0
	],
	"intrinsic" : 
	{
		"height" : 768,
		"intrinsic_matrix" : 
		[
			665.1075101064489,
			0.0,
			0.0,
			0.0,
			665.1075101064489,
			0.0,
			511.5,
			383.5,
			1.0
		],
		"width" : 1024
	},
	"version_major" : 1,
	"version_minor" : 0
}