{
	"class_name" : "PinholeCameraParameters",
	"extrinsic" : 
	[
		0.71252764231004517,
		0.35259330049284127,
		-0.60661546583618642,
		0.0,
		0.46810041137587077,
		-0.88291548637837436,
		0.036636713594143167,
		0.0,
		-0.52267232929803076,
		-0.31006162026410744,
		-0.79415075887728492,
		0.0,
		-37.033811450941784,
		69.883048278935419,
		175.95566707026188,
		1.0
	],
	"intrinsic" : 
	{
		"height" : 1004,
		"intrinsic_matrix" : 
		[
			869.4895053995765,
			0.0,
			0.0,
			0.0,
			869.4895053995765,
			0.0,
			621.0,
			501.5,
			1.0
		],
		"width" : 1243
	},
	"version_major" : 1,
	"version_minor" : 0
}